"Order No (v3)";884.DS.17
"PL order No.";
Client;"STOCK "
"Delivery address to client";TOCCO
VIN;ZB3M300010Y066814
"Production slot (week)";6
Units;1
Brand;Viberti
Category;"NS3K/KB/KO M2-IT (107mm neck)"
Typ;NS3KM3-IT
"axle producer";"SAF Disc"
Calliper;Knorr
options;"Knorr callipers, for paletbox 32 long, Curtainsider"
"upper structure type";curtainsider
"hinges for dropsides";NO
"pocket for hestal pillars";YES
"long palletbox";YES
"pockets for 80x80 pillars";none
KTL;YES
"Nominal5 wheel";1150
"(real 5 wheel)";1145
"wheel size";385/65/R22,5
wheels*;"6x BRIDGESTONE R168, 6x  steel rims"
"steering axle";YES
"axle type";"BILL9-22S01 IU30/2505 33 2040-1300 (Integral, Knorr brake callipers/zaciski hamulcowe)"
"Chassis PDM drawing";P211-K030400
"QAD NR";K234510
"steering axle crossbeam";"2 291 0449 00"
"front wall";"Aluminium front wall"
"upper structure";"M3 (aluminium rear pillars and doors, all elements from PL)"
"roof type";multipoint
"double plywood on front wall";NO
"internal heights";2700
"upper structure planks";"4 rows of alu planks 100mm (1 on floor + 3 per section)"
"planks holder";none
"landing legs/shaft length/foot/position/ground dis.";L500S750/1450/S/up/215
"accesory, boxes and wheel holders, 1";"toolbox Jbz700 (W191948)"
"accesory, boxes and wheel holders, 2";"wheel basket (W015165 for ET-120 or W185514 for ET-0)"
"accessory 3";"ADR:extinguisher, extinguisher toolbox on landing leg (W983059), ADR plate,  grounding strap (m07050305), assembly wedges on mail beam (2x W100067) becouse of extinguisher box"
"Break pad wear sensors";"Knorr break pad wear sensors K025586 (Knorr sensors+WABCO wire 449 816 030 0)"
"rear buffer";"roll stop- W184261"
mudguards;"full mudguards with rainflaps only on rear axle (W973391)"
"ferry rings";YES
"lashing rings for fixing goods inside semi.";NO
"1st axle lifted (steering from the cabin)";YES
"1st and 3rd axle lifted (steering from the cabin)";NO
Hubodometer;NO
Lights;"Aspock Europoint III (with bulbs)"
"tire from Poland";YES
"rims from Poland";YES
"Electric socket";"2x 7pin + 1x 15 pin"
Frame;"KTL + 7021- gray"
"Rear bumper profile, light fixing profile";"Standard RAL 9003"
"Wheel hub";Original
"Side protection color";"Standard (aluminum)"
"Front pillar";"Standard RAL9006"
"Rear pillar";"Standard RAL9006"
"Front wall color";"Standard RAL9006"
"Rear door";Original
Hestal;Original
"tarpaulin No.";none
"tarpaulin color";default
"tarpaulin with graphic";NO
"back doors with graphic";NO
"information abour standard configuration";"brake system is Wabco, steel air tanks (120 litre total, 2x K034285)"
"Non standard description";"M3 Wielton's upperstructure but Viberti brand: front wall aluminum , rear portal aluminum 
completely assembled in Wielu≈Ñ, after dissassembled and delivered to Tocco
without central pomp- pomps in side pillars

ROOF  and  SIDE TARPAULIN RAL 7005 ODE XL EN 12642 from Wielun "
